,test_accuracy,test_f1,train_time
random_forest,0.6690441274496733,0.6680895734765321,37.808624505996704
svm,0.05819224103452873,0.025385611299333474,11.788297176361084
extra_trees,0.6022530329289428,0.6008483025273912,10.198235750198364
logistic_regression,0.06125849886681776,0.04301234482832234,56.46683120727539
